Ticket_ID,Age,Ticket_Price,Movie_Genre,Seat_Type,Number_of_Person,Purchase_Again,Year
F5983,55,17.93,Horror,VIP,6,Yes,2023
F5295,28,17.61,Action,VIP,7,No,2024
F4192,28,23.56,Action,Premium,2,No,2020
F3292,29,14.76,Sci-Fi,Standard,7,No,2022
F6276,63,18.73,Sci-Fi,VIP,7,Yes,2024
F5451,34,16.31,Action,VIP,2,Yes,2022
F4627,29,21.14,Sci-Fi,Premium,4,No,2023
F7586,64,22.07,Sci-Fi,Standard,1,No,2021
F6670,32,16.97,Comedy,Standard,2,No,2020
F1715,58,19.98,Action,VIP,5,No,2024
F2705,53,12.38,Comedy,VIP,4,No,2024
F7709,41,23.61,Comedy,VIP,2,No,2023
F3545,28,13.4,Comedy,VIP,2,Yes,2022
F5307,58,15.84,Sci-Fi,VIP,2,Yes,2021
F3512,23,18.48,Comedy,VIP,7,No,2020
F1139,61,13.01,Drama,VIP,5,No,2022
F7263,64,11.87,Drama,VIP,6,No,2020
F3655,58,17.0,Action,VIP,1,Yes,2020
F6323,24,19.85,Drama,Standard,7,Yes,2022
F2256,21,11.63,Comedy,VIP,5,No,2021
F9433,46,24.56,Sci-Fi,VIP,2,No,2020
F8798,39,10.88,Comedy,Standard,5,No,2023
F8664,23,16.45,Drama,VIP,6,No,2021
F6851,26,22.3,Drama,VIP,1,No,2024
F1662,40,21.83,Comedy,VIP,2,Yes,2023
F7790,54,14.42,Drama,VIP,3,Yes,2022
F8859,36,16.66,Comedy,Standard,2,No,2023
F3131,33,23.91,Comedy,VIP,5,No,2021
F2413,43,13.94,Drama,Premium,2,No,2021
F5520,45,18.69,Comedy,Premium,7,Yes,2022
F4958,38,22.98,Drama,Premium,7,No,2024
F1332,24,20.3,Sci-Fi,Standard,3,Yes,2023
F3991,43,13.32,Comedy,VIP,5,Yes,2024
F1384,59,17.69,Drama,Premium,3,Yes,2024
F4699,32,13.7,Action,VIP,6,No,2021
F4547,58,22.19,Comedy,Premium,3,Yes,2023
F2793,59,14.29,Drama,VIP,7,Yes,2023
F1741,43,24.88,Drama,Premium,4,Yes,2021
F1974,31,16.7,Drama,Standard,1,Yes,2020
F9812,39,20.2,Action,Premium,2,Yes,2024
F8474,39,13.65,Horror,VIP,1,Yes,2020
F2879,42,18.18,Action,Premium,3,No,2020
F8879,32,15.75,Comedy,Standard,3,No,2020
F8513,30,15.07,Horror,Premium,7,No,2023
F1567,60,22.64,Sci-Fi,VIP,6,No,2020
F6501,40,22.15,Comedy,VIP,2,Yes,2020
F8831,64,19.25,Sci-Fi,Premium,1,No,2022
F6475,38,12.05,Drama,VIP,4,Yes,2021
F4412,45,20.69,Sci-Fi,VIP,4,No,2024
F4393,32,22.9,Drama,Premium,2,No,2024
F6227,64,10.99,Action,Standard,5,Yes,2022
F6803,52,18.51,Drama,Premium,7,No,2022
F2703,51,19.16,Comedy,VIP,2,Yes,2022
F3478,56,24.9,Action,Premium,2,Yes,2023
F3398,60,24.22,Action,Premium,6,Yes,2022
F1841,56,21.16,Sci-Fi,Premium,7,No,2021
F6045,26,21.45,Drama,Standard,4,No,2023
F8065,28,15.24,Comedy,VIP,7,Yes,2022
F8062,37,12.06,Action,VIP,6,Yes,2023
F4303,63,22.29,Comedy,Standard,7,No,2023
F6563,55,23.95,Sci-Fi,Standard,1,Yes,2020
F8650,47,19.21,Horror,Standard,3,No,2023
F5152,32,11.43,Sci-Fi,VIP,2,Yes,2021
F4970,63,12.56,Comedy,Premium,2,No,2023
F3945,44,22.88,Drama,Premium,4,No,2020
F6377,51,15.15,Drama,Premium,5,Yes,2022
F9498,62,10.93,Drama,Premium,7,No,2024
F2832,24,22.62,Drama,VIP,1,Yes,2020
F3105,63,23.23,Action,Standard,3,No,2024
F7114,29,22.64,Drama,Premium,3,No,2023
F1141,60,21.91,Comedy,Premium,6,Yes,2022
F1033,57,13.72,Drama,Premium,1,Yes,2021
F3339,25,14.85,Drama,VIP,5,Yes,2020
F6659,46,14.46,Action,Premium,6,No,2020
F7373,42,18.37,Sci-Fi,Premium,5,Yes,2024
F8264,19,14.05,Drama,Standard,3,No,2020
F6296,61,10.2,Action,VIP,6,Yes,2021
F4391,24,16.62,Sci-Fi,Standard,5,Yes,2023
F9882,52,22.18,Action,Standard,6,Yes,2023
F8794,57,20.56,Action,Premium,6,Yes,2020
F1461,37,12.41,Drama,Standard,5,Yes,2021
F7448,31,24.26,Sci-Fi,VIP,2,No,2024
F8056,30,20.46,Drama,Premium,2,Yes,2024
F9417,61,17.86,Drama,Premium,5,Yes,2024
F2864,47,18.09,Comedy,VIP,7,No,2023
F6148,62,18.56,Sci-Fi,Standard,6,Yes,2021
F9995,35,24.62,Horror,Standard,5,Yes,2023
F6867,34,14.57,Action,Premium,7,Yes,2022
F5799,39,21.53,Comedy,Premium,6,No,2023
F3097,18,19.1,Comedy,VIP,5,Yes,2024
F6960,41,24.53,Sci-Fi,Premium,2,Yes,2024
F3664,43,19.08,Sci-Fi,Premium,6,Yes,2023
F4760,38,14.8,Comedy,Premium,3,Yes,2024
F7155,31,10.48,Horror,VIP,4,No,2024
F1870,44,21.55,Horror,VIP,1,No,2022
F6079,40,21.32,Comedy,VIP,3,Yes,2024
F2952,38,12.43,Action,VIP,3,No,2020
F9138,40,18.15,Horror,Standard,7,Yes,2020
F3693,55,21.69,Drama,Premium,6,No,2024
F1898,33,20.26,Drama,Standard,3,Yes,2022
F3277,39,13.63,Sci-Fi,Standard,7,Yes,2024
F8156,20,13.94,Comedy,Premium,3,No,2022
F5365,57,11.17,Sci-Fi,VIP,5,Yes,2020
F6332,39,12.79,Action,Premium,7,No,2021
F5380,41,13.36,Horror,Premium,4,Yes,2022
F3473,32,16.52,Sci-Fi,VIP,3,Yes,2024
F7001,21,13.04,Comedy,VIP,5,Yes,2020
F4364,52,21.61,Sci-Fi,VIP,4,No,2024
F4322,31,16.97,Drama,VIP,1,No,2021
F4817,31,17.5,Sci-Fi,Premium,7,Yes,2020
F8101,38,16.02,Horror,Premium,2,Yes,2024
F8227,62,24.5,Sci-Fi,VIP,7,No,2021
F8485,56,24.18,Comedy,Standard,5,Yes,2023
F8247,48,17.33,Comedy,Premium,4,Yes,2020
F6665,24,19.48,Action,Standard,7,Yes,2021
F7950,25,12.74,Horror,Standard,6,Yes,2024
F6124,30,24.41,Sci-Fi,Premium,5,Yes,2022
F7854,52,21.46,Comedy,Standard,3,No,2022
F9161,48,11.43,Sci-Fi,VIP,1,No,2024
F1707,30,20.31,Action,VIP,2,Yes,2021
F5992,21,17.74,Action,Standard,5,Yes,2023
F6077,21,17.85,Comedy,Premium,6,No,2021
F1605,32,16.87,Sci-Fi,Premium,7,Yes,2020
F7306,38,17.69,Comedy,Standard,6,Yes,2023
F6907,35,16.87,Action,Premium,5,Yes,2020
F9808,18,21.56,Drama,Standard,1,Yes,2022
F3332,18,15.85,Sci-Fi,Premium,6,Yes,2023
F7265,56,14.99,Horror,Standard,3,No,2021
F4586,55,10.01,Action,Premium,4,No,2021
F2905,42,16.67,Action,Premium,2,Yes,2021
F6287,18,14.99,Action,Premium,5,Yes,2023
F7358,37,13.11,Action,Premium,3,No,2021
F8537,29,18.25,Horror,Standard,7,No,2024
F6250,30,20.4,Horror,Premium,4,Yes,2022
F4980,41,19.68,Drama,Premium,6,Yes,2024
F6053,57,19.83,Horror,Standard,6,Yes,2020
F7347,27,18.29,Horror,Standard,4,No,2021
F2315,33,21.36,Action,Premium,5,Yes,2022
F5869,35,13.26,Action,Standard,2,No,2022
F2971,58,17.29,Horror,Standard,4,No,2022
F7772,25,12.27,Action,Standard,7,Yes,2021
F7122,30,21.53,Drama,Premium,4,Yes,2020
F9962,59,14.67,Horror,Standard,4,No,2022
F2582,51,23.27,Horror,Standard,4,No,2024
F1090,25,23.88,Drama,Standard,6,Yes,2023
F2146,39,24.4,Sci-Fi,Premium,4,Yes,2023
F2414,44,20.97,Action,Premium,4,No,2021
F7279,27,18.72,Drama,VIP,1,Yes,2024
F9254,20,24.23,Action,Standard,5,Yes,2020
F2778,56,24.44,Horror,Standard,4,Yes,2023
F8972,54,23.52,Comedy,VIP,1,Yes,2020
F8391,33,20.79,Comedy,Standard,7,No,2024
F6439,38,20.96,Comedy,VIP,1,Yes,2024
F6832,59,14.02,Sci-Fi,Standard,3,Yes,2024
F8649,63,18.07,Sci-Fi,Premium,2,No,2024
F2854,47,19.33,Comedy,VIP,1,No,2020
F3473,61,11.23,Action,Premium,3,Yes,2024
F2652,44,12.0,Comedy,Standard,6,Yes,2020
F4019,21,11.23,Horror,Premium,5,No,2020
F5886,29,14.61,Action,Premium,4,No,2022
F9788,39,21.78,Drama,Standard,6,No,2023
F4470,63,10.46,Comedy,Premium,7,Yes,2021
F8382,23,20.16,Sci-Fi,Standard,5,Yes,2024
F9711,29,17.77,Action,Premium,2,No,2021
F4014,35,18.79,Drama,Premium,5,No,2021
F7552,29,20.69,Horror,Premium,7,Yes,2024
F5392,43,15.85,Comedy,VIP,3,No,2020
F1952,63,11.01,Horror,Standard,3,Yes,2024
F9779,53,11.79,Comedy,Premium,4,No,2022
F9664,18,20.6,Action,Premium,3,Yes,2020
F1948,21,24.24,Drama,VIP,7,Yes,2022
F4927,48,20.23,Drama,Premium,3,Yes,2023
F7325,44,14.36,Comedy,Premium,5,No,2023
F4904,28,13.45,Comedy,Standard,3,Yes,2020
F3993,42,10.79,Action,Premium,4,No,2022
F6681,56,13.49,Horror,Premium,5,Yes,2021
F8620,48,23.58,Drama,Standard,5,No,2021
F5503,27,16.93,Comedy,Standard,6,No,2024
F3549,54,16.4,Horror,Premium,4,No,2020
F5209,26,17.1,Horror,VIP,4,No,2024
F8733,44,14.72,Comedy,VIP,5,No,2023
F5436,48,22.92,Action,Standard,7,No,2023
F1869,53,15.48,Drama,Standard,3,Yes,2022
F6133,54,14.65,Sci-Fi,Premium,5,Yes,2021
F4965,64,22.75,Action,Premium,4,No,2023
F6560,56,16.73,Comedy,Standard,5,Yes,2021
F8055,20,11.85,Action,VIP,7,Yes,2022
F8589,49,20.97,Action,Premium,3,No,2024
F2095,46,10.13,Comedy,Premium,5,No,2022
F9189,29,17.06,Comedy,Premium,5,No,2020
F9164,46,14.36,Sci-Fi,Premium,6,Yes,2021
F8169,55,13.79,Sci-Fi,Standard,6,Yes,2024
F5445,39,24.33,Action,VIP,2,No,2021
F8734,24,22.38,Sci-Fi,Premium,3,Yes,2022
F6525,57,14.65,Horror,Standard,6,No,2022
F4356,41,16.69,Action,Standard,2,Yes,2024
F3157,51,23.88,Action,Standard,1,No,2023
F2278,22,20.3,Drama,Standard,3,Yes,2023
F4697,18,14.47,Horror,Standard,1,No,2021
F8097,28,14.23,Horror,Standard,4,Yes,2024
F6603,39,19.42,Action,Standard,5,No,2024
F4913,42,24.67,Drama,Standard,6,No,2021
F4892,28,21.17,Sci-Fi,Standard,6,Yes,2021
F9728,36,11.25,Drama,Premium,5,No,2021
F4704,46,12.82,Drama,VIP,4,No,2020
F6130,28,17.67,Drama,VIP,6,No,2022
F2739,57,13.82,Horror,Standard,6,Yes,2022
F8482,50,13.31,Sci-Fi,Premium,6,Yes,2020
F9819,36,15.19,Horror,Standard,1,Yes,2021
F3337,50,11.82,Sci-Fi,Standard,2,Yes,2024
F7496,43,10.1,Comedy,Premium,4,No,2022
F8412,59,20.74,Action,VIP,3,Yes,2023
F6136,26,20.29,Sci-Fi,VIP,4,No,2024
F8074,18,12.07,Horror,Premium,3,Yes,2024
F7249,62,15.73,Horror,Premium,4,Yes,2021
F4405,26,12.39,Drama,Premium,4,Yes,2023
F9852,51,21.29,Action,Standard,4,No,2021
F8427,38,17.55,Action,Standard,5,Yes,2020
F1942,18,22.3,Comedy,Premium,1,No,2023
F4918,45,21.6,Action,Premium,3,No,2023
F9711,64,12.8,Drama,Standard,2,Yes,2020
F2721,58,12.99,Comedy,Standard,5,Yes,2022
F1673,48,13.01,Action,VIP,5,Yes,2022
F8204,63,14.67,Drama,Standard,1,Yes,2021
F9088,58,20.41,Sci-Fi,Premium,7,Yes,2021
F8613,41,21.81,Comedy,Premium,4,Yes,2020
F3241,18,14.43,Horror,Standard,7,No,2023
F9106,54,17.05,Horror,VIP,7,No,2024
F8402,35,18.0,Horror,Standard,6,No,2021
F9913,30,19.23,Action,Premium,5,Yes,2022
F5920,49,24.59,Sci-Fi,Standard,4,No,2023
F6660,43,14.55,Comedy,Premium,6,Yes,2023
F9445,42,15.08,Action,Premium,4,Yes,2023
F4707,20,14.74,Sci-Fi,Standard,1,No,2021
F3899,30,17.35,Comedy,Premium,7,No,2023
F4108,46,11.16,Drama,VIP,7,Yes,2022
F3583,22,13.29,Horror,Premium,3,Yes,2020
F8996,63,18.07,Comedy,VIP,4,Yes,2020
F5916,60,20.64,Comedy,Standard,4,Yes,2021
F4972,40,15.34,Action,Premium,5,No,2022
F2458,48,24.19,Drama,Premium,3,No,2022
F3976,42,15.15,Horror,VIP,5,Yes,2023
F9823,62,11.23,Horror,Premium,5,No,2021
F5342,22,18.22,Comedy,Premium,4,Yes,2020
F8304,19,22.38,Sci-Fi,Premium,3,Yes,2022
F2688,42,15.9,Action,VIP,1,No,2023
F8344,55,16.08,Action,VIP,1,Yes,2024
F9769,39,11.37,Drama,Premium,6,Yes,2023
F4660,28,14.27,Action,VIP,6,Yes,2024
F9810,59,19.17,Comedy,VIP,6,No,2022
F3983,26,11.02,Comedy,Premium,4,Yes,2024
F3822,49,22.81,Sci-Fi,Standard,3,Yes,2023
F8397,32,12.53,Drama,Premium,7,Yes,2021
F8898,32,11.38,Drama,Premium,4,Yes,2020
F5688,56,11.49,Horror,Premium,3,No,2021
F5054,25,15.31,Horror,Premium,1,Yes,2021
F2829,59,16.76,Horror,VIP,3,Yes,2023
F6695,52,18.58,Comedy,Premium,6,Yes,2024
F1971,35,16.56,Comedy,Premium,3,No,2021
F2789,39,23.5,Drama,Standard,1,Yes,2020
F9349,27,14.47,Action,VIP,7,No,2024
F8996,22,22.65,Drama,Premium,1,Yes,2021
F9432,25,15.8,Action,Premium,5,Yes,2022
F1660,28,14.51,Horror,Standard,3,Yes,2021
F3358,42,13.25,Drama,Premium,4,No,2022
F9489,30,19.96,Drama,VIP,5,No,2022
F3464,42,16.73,Action,Standard,5,Yes,2022
F3527,60,15.5,Drama,Premium,3,No,2022
F9243,61,22.67,Drama,VIP,5,No,2024
F8375,30,10.29,Drama,Standard,1,Yes,2021
F1568,47,23.01,Horror,Standard,1,Yes,2022
F1405,33,14.75,Sci-Fi,Standard,4,No,2022
F7241,38,16.75,Horror,Premium,6,Yes,2024
F7578,26,10.77,Action,Premium,2,Yes,2022
F3726,59,22.09,Drama,VIP,3,No,2024
F8290,59,21.43,Action,Standard,2,No,2021
F1937,32,20.89,Drama,Premium,5,Yes,2024
F9236,19,12.51,Horror,Premium,3,Yes,2021
F8106,57,18.92,Drama,VIP,6,No,2021
F3203,56,17.22,Horror,Premium,6,No,2023
F6163,25,15.66,Drama,VIP,5,No,2023
F3456,34,24.05,Sci-Fi,Premium,2,No,2020
F7074,25,11.27,Drama,VIP,5,No,2023
F8489,34,14.76,Sci-Fi,Standard,4,No,2021
F4310,23,17.01,Horror,Premium,1,No,2021
F6760,28,14.03,Sci-Fi,VIP,7,Yes,2023
F5369,21,13.52,Horror,VIP,3,Yes,2023
F7004,64,23.33,Action,VIP,4,No,2023
F1455,34,19.99,Comedy,VIP,6,Yes,2021
F8191,38,10.38,Action,Premium,5,No,2024
F8221,49,14.65,Action,VIP,6,No,2022
F7978,46,15.19,Drama,Standard,2,Yes,2020
F3018,26,12.85,Comedy,Premium,7,No,2021
F7862,60,15.14,Drama,VIP,6,Yes,2020
F2827,30,15.67,Sci-Fi,VIP,3,No,2023
F1743,18,12.59,Horror,Premium,5,No,2022
F2987,40,20.29,Horror,VIP,2,No,2024
F8863,21,10.31,Horror,Standard,5,No,2021
F9806,60,16.96,Comedy,Standard,7,Yes,2022
F9577,26,17.93,Comedy,Standard,3,No,2021
F5153,26,10.66,Action,Standard,3,No,2023
F6656,30,22.42,Action,VIP,7,No,2022
F8475,56,16.66,Comedy,Premium,6,No,2023
F7010,30,17.32,Sci-Fi,Premium,6,No,2021
F2962,50,15.37,Drama,VIP,2,Yes,2024
F3997,63,14.94,Action,Standard,4,No,2022
F2923,53,23.5,Comedy,Standard,1,Yes,2023
F1792,52,19.61,Sci-Fi,Premium,2,Yes,2023
F2449,31,19.15,Drama,VIP,5,No,2020
F4470,31,24.94,Horror,Premium,6,No,2024
F8856,51,20.58,Comedy,VIP,6,Yes,2024
F1100,55,23.79,Action,VIP,2,No,2023
F6544,28,12.66,Comedy,Standard,1,Yes,2024
F3242,37,20.91,Horror,Standard,7,No,2020
F4521,27,17.38,Sci-Fi,Premium,4,No,2021
F4500,63,10.63,Sci-Fi,VIP,4,Yes,2023
F8830,57,16.06,Horror,VIP,3,No,2022
F6526,57,18.93,Sci-Fi,Premium,3,No,2021
F6419,52,22.32,Action,Standard,2,No,2024
F4340,49,12.97,Comedy,VIP,3,No,2024
F7446,43,16.56,Drama,VIP,4,Yes,2024
F4145,21,17.47,Action,Standard,7,Yes,2023
F4098,38,13.77,Horror,Premium,7,Yes,2022
F6040,23,20.86,Action,Premium,7,No,2020
F9108,26,21.96,Comedy,Premium,1,Yes,2022
F1658,29,12.61,Comedy,Standard,7,No,2023
F6223,21,15.11,Action,Premium,3,Yes,2021
F2540,61,17.21,Comedy,Premium,2,No,2020
F6818,49,24.08,Drama,Premium,2,Yes,2023
F2313,35,12.19,Horror,Premium,6,No,2020
F5762,46,18.75,Action,Premium,1,No,2023
F9171,45,14.97,Drama,Premium,7,Yes,2023
F7228,36,16.33,Sci-Fi,VIP,7,No,2023
F3452,39,10.09,Drama,VIP,2,No,2021
F8689,61,10.49,Horror,Standard,7,No,2020
F9987,40,20.01,Horror,Standard,3,No,2023
F2379,24,12.77,Comedy,Premium,5,Yes,2022
F5084,40,20.45,Drama,VIP,7,Yes,2021
F6439,27,13.24,Drama,VIP,1,No,2024
F3702,60,10.37,Action,VIP,3,Yes,2024
F9426,59,17.4,Action,Premium,7,No,2022
F6255,58,14.09,Action,Standard,7,No,2023
F5586,51,15.13,Comedy,VIP,7,Yes,2020
F2596,52,10.05,Action,VIP,1,Yes,2021
F8732,26,15.77,Comedy,Premium,6,No,2020
F8023,33,24.99,Drama,VIP,2,Yes,2021
F1298,53,24.82,Comedy,Standard,1,No,2020
F4031,64,16.74,Action,Premium,7,Yes,2020
F1714,55,24.96,Horror,Premium,7,No,2023
F6000,32,10.22,Sci-Fi,Premium,2,No,2021
F9788,50,18.49,Horror,Premium,7,Yes,2022
F9863,45,14.21,Action,Standard,2,No,2024
F1137,18,15.1,Sci-Fi,Standard,6,No,2024
F1718,28,17.34,Action,VIP,2,Yes,2021
F6767,25,13.19,Sci-Fi,Premium,2,Yes,2021
F2789,25,17.54,Action,Standard,3,Yes,2023
F1792,61,17.88,Horror,Premium,2,Yes,2023
F4534,22,23.48,Comedy,Standard,1,No,2020
F9271,33,12.62,Drama,Standard,2,No,2020
F4984,40,18.34,Horror,VIP,1,Yes,2020
F3907,57,24.07,Action,Standard,1,Yes,2023
F8985,19,10.06,Action,Standard,5,Yes,2021
F7316,20,22.1,Horror,Standard,6,Yes,2020
F1581,48,18.01,Drama,VIP,2,Yes,2021
F8586,40,15.11,Drama,Premium,1,Yes,2020
F1131,39,20.4,Sci-Fi,Standard,2,No,2021
F4209,29,20.47,Horror,Standard,7,Yes,2023
F3128,29,24.91,Sci-Fi,VIP,1,Yes,2021
F5617,43,23.55,Comedy,VIP,4,No,2021
F5804,59,21.11,Comedy,Premium,3,No,2020
F8281,32,17.64,Horror,Premium,3,No,2021
F1548,40,13.09,Comedy,VIP,4,No,2020
F8848,18,24.93,Horror,VIP,2,No,2022
F9857,22,22.21,Drama,Standard,2,No,2024
F8793,60,13.21,Horror,Premium,1,No,2022
F1470,40,16.86,Action,Standard,5,No,2023
F1948,20,10.58,Drama,Standard,4,Yes,2022
F6096,30,10.83,Comedy,Premium,7,Yes,2020
F1752,21,24.81,Horror,VIP,5,No,2023
F3104,30,16.12,Sci-Fi,Premium,2,Yes,2023
F1488,55,20.79,Action,VIP,2,No,2024
F6300,29,22.99,Comedy,Standard,3,No,2021
F7902,38,17.21,Comedy,VIP,7,Yes,2021
F8773,60,22.24,Sci-Fi,VIP,2,Yes,2021
F5670,32,24.1,Comedy,Standard,5,Yes,2024
F5958,43,12.8,Action,Premium,7,No,2021
F4784,41,21.21,Comedy,Standard,5,No,2022
F7625,40,23.52,Horror,VIP,7,Yes,2022
F8556,41,10.41,Drama,Premium,7,Yes,2022
F8287,19,12.75,Horror,Premium,3,No,2024
F5869,38,13.98,Horror,VIP,5,No,2020
F5326,26,24.76,Drama,Premium,6,No,2024
F1061,20,22.93,Comedy,Standard,2,No,2022
F7419,24,19.8,Horror,VIP,7,No,2022
F7552,36,22.53,Horror,VIP,1,No,2024
F7846,54,18.66,Horror,Standard,6,Yes,2023
F6736,29,21.36,Drama,Standard,1,No,2024
F7676,47,24.73,Drama,Standard,6,Yes,2024
F1194,39,20.62,Comedy,Standard,3,Yes,2022
F7807,51,21.37,Comedy,Premium,6,Yes,2022
F8704,40,22.9,Action,Standard,6,No,2021
F3557,46,13.41,Comedy,Premium,7,No,2024
F5138,19,21.42,Drama,Premium,6,No,2024
F5737,20,23.11,Sci-Fi,VIP,3,No,2022
F6381,61,14.92,Comedy,VIP,4,No,2020
F6477,22,11.81,Sci-Fi,Premium,2,No,2022
F2478,32,22.48,Sci-Fi,Premium,4,Yes,2020
F7919,31,17.82,Sci-Fi,Standard,3,Yes,2023
F8878,64,17.24,Action,Standard,7,Yes,2020
F9514,49,24.61,Action,VIP,1,Yes,2021
F8958,31,21.71,Action,Standard,5,Yes,2023
F7553,28,21.91,Action,Standard,4,No,2021
F8567,49,21.22,Action,VIP,7,No,2020
F9527,58,19.58,Action,VIP,5,No,2024
F2955,58,18.81,Comedy,Premium,3,Yes,2021
F1028,38,10.17,Comedy,Premium,2,Yes,2024
F8956,23,21.98,Drama,VIP,7,No,2020
F6541,30,22.39,Sci-Fi,Premium,2,No,2020
F8950,61,23.25,Comedy,VIP,3,No,2021
F7130,31,16.01,Horror,Premium,1,Yes,2024
F2642,18,11.41,Drama,VIP,3,No,2022
F4840,36,24.43,Drama,Standard,3,Yes,2020
F6797,61,20.25,Sci-Fi,Standard,4,Yes,2023
F4499,60,22.73,Sci-Fi,VIP,5,No,2023
F2863,47,18.18,Horror,Premium,3,No,2023
F2732,47,16.01,Sci-Fi,Premium,7,No,2021
F8721,51,17.3,Horror,VIP,6,No,2022
F3715,27,18.5,Horror,VIP,7,Yes,2020
F4735,42,15.54,Drama,VIP,2,No,2021
F9158,29,21.55,Horror,Standard,5,No,2021
F2176,24,18.8,Sci-Fi,Standard,1,No,2022
F1650,25,17.5,Drama,VIP,5,No,2022
F4526,40,24.22,Drama,Standard,6,No,2022
F4592,41,10.75,Comedy,VIP,7,No,2024
F3080,32,17.63,Comedy,VIP,5,Yes,2020
F9830,46,22.97,Comedy,Premium,2,No,2023
F4094,20,19.21,Comedy,Standard,2,Yes,2021
F3532,19,14.32,Horror,Standard,2,No,2020
F3205,30,20.98,Drama,Standard,7,Yes,2020
F3608,51,10.61,Comedy,VIP,5,No,2022
F7032,24,14.65,Comedy,Standard,4,No,2020
F6753,64,18.03,Drama,Premium,7,No,2020
F4025,21,22.32,Sci-Fi,Premium,1,No,2024
F8472,24,17.55,Sci-Fi,VIP,6,Yes,2023
F7459,36,16.09,Horror,VIP,4,Yes,2021
F1845,60,18.19,Horror,Premium,3,No,2023
F2317,19,18.54,Comedy,Standard,4,No,2023
F3021,24,12.94,Action,Premium,5,Yes,2021
F2936,43,17.16,Comedy,VIP,4,No,2023
F1004,56,14.14,Horror,Standard,6,No,2021
F4693,63,15.56,Action,Standard,7,No,2021
F1415,23,18.3,Comedy,Premium,7,No,2022
F2244,26,21.41,Action,Premium,4,Yes,2023
F2583,60,13.31,Action,Premium,7,Yes,2022
F1991,51,20.34,Sci-Fi,VIP,7,No,2020
F1230,57,11.35,Drama,VIP,5,Yes,2020
F7135,31,20.65,Horror,VIP,5,Yes,2023
F8859,44,16.14,Comedy,Premium,7,Yes,2020
F3752,46,18.02,Sci-Fi,Premium,1,Yes,2021
F6579,44,11.52,Sci-Fi,VIP,1,Yes,2020
F6903,54,12.82,Horror,Standard,2,Yes,2023
F2540,61,15.95,Drama,VIP,2,Yes,2022
F2541,54,24.65,Comedy,VIP,1,No,2021
F3695,60,12.34,Horror,Standard,3,Yes,2020
F4647,59,20.43,Sci-Fi,VIP,3,Yes,2024
F5678,44,17.34,Drama,Standard,7,Yes,2023
F4717,31,13.27,Drama,VIP,3,No,2020
F5237,54,20.13,Action,VIP,7,No,2020
F3210,57,23.39,Comedy,VIP,2,No,2022
F5023,47,19.83,Horror,Standard,6,Yes,2021
F3393,27,14.22,Action,VIP,5,No,2022
F4945,33,16.45,Comedy,Premium,3,No,2020
F3326,38,16.23,Horror,Standard,2,Yes,2020
F1692,60,10.99,Action,VIP,1,No,2024
F4476,58,22.77,Action,VIP,4,No,2023
F3196,34,17.91,Sci-Fi,Premium,6,No,2022
F2060,28,14.17,Action,Standard,4,Yes,2023
F8416,24,15.99,Horror,Premium,7,No,2020
F5038,43,21.2,Comedy,Standard,6,No,2020
F9884,45,17.63,Sci-Fi,Standard,6,No,2021
F1562,64,18.25,Horror,Standard,3,No,2022
F2093,27,17.32,Sci-Fi,Premium,2,Yes,2023
F3731,23,22.4,Horror,VIP,3,No,2020
F4914,58,12.72,Action,Premium,7,Yes,2022
F4259,31,21.93,Action,Premium,6,Yes,2024
F1914,35,14.89,Sci-Fi,Premium,1,Yes,2024
F6416,53,21.23,Comedy,VIP,6,No,2020
F1145,43,23.44,Horror,Standard,6,No,2021
F6142,51,16.42,Horror,Standard,3,No,2024
F3317,19,12.9,Horror,VIP,6,No,2022
F4735,64,12.42,Comedy,VIP,7,Yes,2023
F8298,46,12.99,Sci-Fi,VIP,4,No,2023
F7357,60,19.9,Sci-Fi,Premium,4,Yes,2023
F8637,18,13.4,Drama,Premium,5,No,2021
F1360,23,21.06,Action,VIP,7,Yes,2024
F1047,61,14.24,Horror,Premium,3,Yes,2023
F6832,34,18.96,Horror,Premium,4,Yes,2020
F1170,26,15.78,Sci-Fi,Premium,1,Yes,2024
F7401,26,24.98,Comedy,Standard,2,Yes,2020
F7226,28,22.8,Horror,Premium,1,Yes,2022
F3841,45,22.34,Comedy,Premium,7,No,2023
F9150,56,21.37,Drama,Standard,7,Yes,2024
F3913,19,10.61,Comedy,Premium,1,No,2020
F1620,23,12.61,Drama,Premium,7,Yes,2023
F5683,21,10.68,Drama,Premium,2,No,2021
F3632,38,15.77,Comedy,Standard,1,No,2021
F7450,28,10.13,Action,Premium,3,No,2024
F8933,64,20.07,Drama,VIP,2,Yes,2023
F7872,52,14.94,Drama,Standard,3,No,2021
F4884,19,18.43,Action,Premium,2,Yes,2022
F8893,34,15.6,Comedy,Standard,7,No,2022
F2631,59,21.51,Horror,Premium,3,No,2020
F8712,32,10.8,Sci-Fi,Premium,1,No,2020
F4112,21,16.41,Horror,Standard,3,Yes,2022
F1831,47,10.76,Horror,VIP,7,No,2024
F2161,23,21.71,Comedy,VIP,1,No,2024
F8707,36,18.95,Action,Standard,1,Yes,2020
F5294,24,24.92,Horror,Standard,6,Yes,2020
F7417,18,12.7,Sci-Fi,Standard,1,No,2021
F2796,27,18.86,Comedy,Standard,3,No,2022
F8156,59,13.79,Action,VIP,6,Yes,2023
F3619,18,21.96,Horror,Premium,4,No,2020
F8722,52,14.62,Action,Standard,7,No,2021
F2754,37,15.21,Horror,Premium,2,No,2022
F1997,27,14.36,Action,Premium,5,Yes,2020
F9298,52,23.6,Action,Standard,1,Yes,2023
F6734,53,13.36,Drama,Premium,7,No,2023
F9387,41,23.26,Drama,Standard,2,No,2023
F7160,22,21.76,Action,Premium,5,No,2024
F3548,63,18.63,Action,Premium,7,No,2021
F3782,28,23.04,Drama,Premium,5,Yes,2024
F3676,62,11.23,Horror,Standard,3,Yes,2023
F3408,44,16.95,Drama,Standard,1,No,2022
F5382,56,15.39,Horror,Standard,7,Yes,2022
F3090,43,21.47,Action,Standard,5,Yes,2020
F5952,51,23.31,Horror,Standard,2,Yes,2021
F4195,33,14.05,Sci-Fi,VIP,4,Yes,2024
F3575,59,18.38,Sci-Fi,VIP,7,Yes,2024
F1593,44,17.46,Action,Premium,4,Yes,2022
F4655,41,22.23,Drama,Premium,6,No,2022
F6376,48,14.47,Sci-Fi,Standard,1,No,2022
F8837,59,14.6,Action,Premium,2,No,2022
F2246,21,13.04,Horror,VIP,2,No,2020
F4912,59,14.59,Sci-Fi,Standard,2,Yes,2021
F9074,46,24.32,Drama,Premium,3,Yes,2022
F1071,45,19.84,Drama,Standard,6,Yes,2024
F5011,50,13.35,Comedy,Standard,5,Yes,2020
F1905,27,19.16,Drama,Standard,6,Yes,2023
F8680,33,10.21,Drama,Standard,1,Yes,2023
F4116,58,22.8,Sci-Fi,Standard,1,No,2022
F7497,35,21.26,Drama,Standard,1,No,2023
F7975,28,18.13,Drama,VIP,1,No,2021
F6251,28,15.86,Sci-Fi,Standard,6,Yes,2022
F6214,56,24.76,Sci-Fi,VIP,5,No,2021
F7186,28,14.51,Drama,Premium,4,No,2020
F6763,61,22.64,Action,VIP,4,Yes,2024
F7100,19,20.48,Horror,Standard,3,No,2024
F7787,42,15.51,Horror,Standard,2,No,2020
F1022,37,21.63,Sci-Fi,VIP,1,No,2020
F2328,21,21.27,Action,Standard,5,Yes,2021
F6417,62,23.06,Horror,Standard,3,No,2024
F5677,39,12.72,Action,VIP,3,Yes,2023
F6043,36,20.89,Action,Standard,3,Yes,2023
F6877,60,11.5,Sci-Fi,Premium,3,Yes,2024
F1875,25,12.85,Action,Premium,3,Yes,2023
F2081,52,21.38,Comedy,VIP,3,No,2023
F1061,45,18.42,Comedy,Premium,3,Yes,2020
F7914,22,11.66,Comedy,Premium,1,Yes,2020
F4271,47,12.9,Sci-Fi,Premium,2,No,2023
F5807,27,22.54,Action,Standard,3,No,2020
F8183,62,13.89,Comedy,VIP,1,No,2024
F9223,44,14.27,Comedy,Premium,6,Yes,2021
F9980,58,22.51,Action,Standard,5,No,2022
F6410,24,19.47,Horror,VIP,3,Yes,2023
F1911,63,14.93,Action,Premium,7,Yes,2020
F8537,47,13.03,Sci-Fi,VIP,6,No,2021
F6530,40,16.11,Action,Standard,2,No,2023
F6750,38,17.47,Action,Standard,6,Yes,2024
F3966,31,17.12,Drama,Premium,7,No,2022
F2502,32,20.31,Drama,Standard,6,Yes,2024
F3930,60,12.86,Comedy,Standard,6,No,2024
F8148,56,21.48,Comedy,Premium,2,Yes,2021
F3906,47,24.85,Action,Premium,6,No,2022
F5792,23,17.65,Sci-Fi,Standard,4,No,2024
F5386,26,16.97,Comedy,VIP,3,Yes,2020
F6501,34,12.48,Comedy,VIP,4,Yes,2021
F5366,31,19.35,Action,VIP,3,Yes,2023
F4919,50,24.35,Horror,VIP,4,No,2024
F6636,32,18.48,Sci-Fi,VIP,3,No,2023
F9199,51,17.92,Comedy,Premium,6,Yes,2022
F6236,20,15.06,Action,Premium,7,Yes,2020
F8173,40,18.77,Horror,VIP,6,No,2020
F7563,34,15.98,Drama,VIP,4,No,2022
F6495,26,20.15,Horror,Standard,1,Yes,2020
F7446,43,19.64,Drama,VIP,2,Yes,2021
F1752,47,10.72,Action,Premium,5,No,2022
F8054,55,16.47,Sci-Fi,VIP,6,Yes,2023
F9247,58,10.41,Action,Premium,6,Yes,2020
F7997,51,21.28,Action,VIP,3,No,2022
F9857,58,20.24,Drama,Standard,3,No,2021
F3805,22,21.44,Action,Premium,3,No,2020
F8420,52,15.02,Horror,VIP,3,No,2021
F1956,40,18.24,Action,VIP,6,No,2022
F1311,27,21.17,Sci-Fi,Standard,1,No,2022
F9465,52,12.2,Action,Standard,4,No,2024
F2534,51,10.05,Horror,Premium,3,Yes,2023
F6626,32,24.39,Comedy,Standard,1,No,2022
F2443,37,20.93,Action,VIP,5,No,2024
F9494,33,18.78,Sci-Fi,VIP,1,Yes,2022
F1308,59,24.45,Drama,VIP,2,No,2023
F2623,24,24.68,Horror,Premium,7,Yes,2021
F3491,22,16.81,Drama,Standard,2,Yes,2023
F7822,44,15.5,Comedy,Standard,2,Yes,2021
F1679,23,17.45,Sci-Fi,Standard,6,Yes,2023
F1556,47,17.57,Action,VIP,7,Yes,2023
F3706,55,11.78,Action,Premium,4,Yes,2024
F6919,21,22.61,Comedy,VIP,1,Yes,2022
F1485,38,24.75,Action,Premium,7,Yes,2021
F6760,64,14.67,Comedy,Premium,7,Yes,2021
F2656,19,19.05,Action,Premium,4,Yes,2023
F8694,51,22.45,Comedy,Premium,6,No,2021
F8319,42,24.45,Horror,VIP,6,Yes,2022
F6361,19,19.9,Horror,Premium,3,No,2021
F7756,25,18.95,Action,Premium,7,Yes,2023
F2922,21,23.81,Sci-Fi,Premium,4,No,2024
F2409,39,22.51,Action,VIP,3,No,2021
F9355,32,24.7,Comedy,VIP,6,Yes,2023
F9461,24,21.06,Comedy,Premium,7,Yes,2021
F3691,23,12.69,Comedy,Premium,2,Yes,2024
F8879,28,23.86,Drama,Premium,5,No,2020
F9603,21,24.21,Drama,Premium,5,No,2023
F7151,48,21.34,Action,Standard,3,No,2023
F4412,59,15.29,Drama,Premium,2,Yes,2020
F6583,37,19.31,Horror,Premium,2,No,2023
F3247,21,22.95,Comedy,Premium,1,Yes,2022
F6433,39,20.42,Sci-Fi,Premium,5,No,2024
F2010,46,24.84,Action,VIP,2,No,2022
F2372,45,20.63,Drama,Premium,5,No,2023
F2041,51,17.55,Drama,VIP,1,No,2020
F1962,63,22.22,Horror,Standard,5,No,2021
F8552,28,12.64,Sci-Fi,Standard,7,Yes,2020
F3047,18,23.01,Drama,Premium,5,Yes,2023
F8762,61,17.9,Drama,Premium,5,Yes,2024
F5647,48,18.75,Comedy,Standard,2,No,2021
F7230,49,10.6,Sci-Fi,VIP,4,No,2020
F6902,49,22.06,Drama,Standard,5,Yes,2021
F7021,63,22.72,Comedy,Premium,7,Yes,2023
F5136,57,19.56,Sci-Fi,Premium,2,Yes,2021
F1025,39,20.15,Comedy,VIP,4,No,2020
F8611,18,13.69,Sci-Fi,Premium,3,No,2023
F9934,19,24.2,Action,Standard,5,Yes,2022
F7174,41,10.4,Comedy,VIP,7,Yes,2020
F1062,47,20.06,Horror,VIP,6,No,2023
F3413,22,13.79,Action,Premium,5,No,2023
F7786,20,23.52,Drama,VIP,6,No,2023
F2192,48,18.55,Sci-Fi,VIP,6,No,2024
F9623,36,12.49,Drama,Premium,4,No,2021
F5822,55,22.93,Sci-Fi,Standard,1,No,2022
F4851,32,13.57,Comedy,Standard,5,Yes,2022
F6142,36,20.31,Drama,VIP,2,No,2022
F6821,19,16.31,Comedy,Standard,5,No,2023
F4706,21,10.48,Drama,Premium,5,No,2024
F2924,56,24.28,Horror,Premium,3,No,2022
F3660,29,17.92,Horror,VIP,7,Yes,2022
F6561,34,20.23,Sci-Fi,Standard,2,No,2024
F8158,27,18.24,Comedy,Standard,3,No,2022
F1645,24,22.98,Drama,VIP,3,Yes,2023
F6357,31,12.27,Action,Standard,5,No,2021
F5071,35,11.29,Sci-Fi,VIP,1,No,2024
F7650,46,24.36,Drama,Premium,2,Yes,2024
F9623,34,17.29,Comedy,VIP,2,Yes,2021
F9828,27,17.94,Sci-Fi,VIP,6,Yes,2020
F7964,29,14.23,Drama,Standard,7,Yes,2024
F8876,27,18.43,Action,Standard,2,No,2024
F1587,43,20.23,Action,Standard,5,Yes,2024
F3801,24,21.19,Sci-Fi,Standard,3,No,2020
F6855,36,10.17,Action,VIP,5,Yes,2024
F1087,60,15.49,Sci-Fi,Premium,6,No,2020
F3779,54,13.82,Comedy,Standard,7,No,2024
F5731,38,11.68,Horror,Standard,1,Yes,2023
F7686,59,12.51,Horror,VIP,5,Yes,2023
F2780,43,21.72,Comedy,Premium,2,No,2023
F8315,55,23.51,Sci-Fi,VIP,3,No,2023
F3778,36,22.41,Comedy,Premium,1,No,2022
F1279,56,23.5,Action,VIP,4,No,2021
F9111,33,19.39,Action,VIP,7,Yes,2022
F1773,46,14.88,Horror,Standard,6,Yes,2020
F1158,20,10.25,Drama,VIP,6,No,2023
F6138,18,24.38,Comedy,VIP,3,Yes,2021
F7904,57,14.83,Horror,Premium,3,No,2020
F4685,38,17.7,Drama,Standard,4,Yes,2023
F2553,43,18.61,Action,Standard,5,No,2023
F6045,60,11.65,Sci-Fi,Standard,3,No,2024
F7912,45,12.76,Comedy,Premium,3,No,2022
F1526,34,22.59,Sci-Fi,VIP,7,No,2021
F6620,49,15.72,Horror,Premium,7,No,2021
F8155,47,12.28,Horror,Standard,1,Yes,2021
F7564,44,16.21,Drama,VIP,5,No,2021
F7375,56,13.11,Action,Premium,1,No,2024
F5071,44,14.16,Drama,Premium,1,No,2020
F9006,57,12.2,Sci-Fi,VIP,2,Yes,2020
F8730,21,15.78,Action,VIP,2,No,2024
F1615,49,10.84,Sci-Fi,VIP,4,Yes,2023
F9683,41,22.0,Sci-Fi,VIP,4,No,2021
F7215,58,12.21,Horror,Standard,2,Yes,2022
F8281,40,16.85,Action,VIP,7,No,2022
F5953,26,20.31,Sci-Fi,VIP,3,Yes,2024
F9807,42,18.78,Sci-Fi,Premium,7,Yes,2024
F1309,30,11.24,Horror,Standard,5,Yes,2024
F1635,57,22.28,Action,Standard,1,Yes,2024
F5409,35,16.23,Drama,VIP,6,Yes,2020
F5675,49,16.31,Action,Premium,1,Yes,2020
F1124,51,11.34,Sci-Fi,VIP,6,No,2023
F2217,25,11.03,Comedy,Standard,1,Yes,2020
F4075,39,21.25,Drama,Premium,6,No,2021
F8196,53,16.52,Sci-Fi,Standard,2,No,2021
F4218,46,21.19,Comedy,Standard,2,Yes,2023
F3921,21,14.74,Drama,Standard,2,Yes,2022
F4619,63,23.3,Drama,Premium,4,Yes,2022
F4089,48,23.99,Drama,VIP,6,No,2022
F6207,60,15.73,Action,VIP,2,No,2022
F7689,25,16.06,Horror,Standard,5,Yes,2022
F9781,31,12.84,Comedy,Standard,2,Yes,2022
F3605,19,11.74,Action,Premium,2,Yes,2023
F2987,22,22.68,Drama,VIP,1,Yes,2023
F8945,30,18.97,Action,Premium,6,No,2024
F3278,60,19.18,Sci-Fi,VIP,4,No,2020
F7199,50,18.04,Comedy,Premium,4,Yes,2020
F9580,25,18.85,Action,VIP,5,No,2020
F7377,60,22.16,Horror,Premium,7,Yes,2020
F5883,59,14.83,Sci-Fi,Premium,7,Yes,2022
F2855,43,15.48,Drama,Standard,3,No,2020
F3296,28,12.13,Drama,Premium,2,Yes,2020
F9294,30,23.14,Horror,VIP,6,Yes,2021
F1986,38,12.21,Horror,VIP,1,No,2020
F3583,31,11.37,Sci-Fi,Standard,1,No,2024
F9287,54,19.72,Drama,Premium,5,No,2023
F3803,26,22.32,Sci-Fi,VIP,2,No,2022
F4528,34,24.96,Comedy,Standard,7,Yes,2024
F6118,53,19.2,Horror,Standard,7,No,2021
F5994,24,18.32,Action,Premium,1,No,2020
F1534,43,11.85,Horror,Standard,6,No,2021
F2007,47,15.61,Horror,Standard,2,No,2020
F4833,23,18.17,Comedy,VIP,1,Yes,2021
F6155,55,19.08,Sci-Fi,Standard,5,No,2021
F5705,37,22.23,Drama,Premium,4,Yes,2021
F6202,41,19.25,Comedy,Premium,6,Yes,2023
F4328,60,16.95,Comedy,Standard,3,No,2022
F1070,19,15.59,Sci-Fi,VIP,1,Yes,2022
F9099,50,20.57,Drama,VIP,2,Yes,2022
F4806,28,23.23,Action,VIP,4,No,2024
F5084,61,17.74,Action,VIP,1,No,2024
F1484,51,11.84,Comedy,Standard,2,Yes,2023
F3449,35,14.95,Action,Premium,2,Yes,2020
F2100,36,19.68,Action,VIP,4,No,2021
F2028,41,20.81,Sci-Fi,VIP,4,Yes,2020
F8512,40,15.19,Horror,Standard,5,Yes,2024
F9355,37,22.44,Action,Standard,2,No,2023
F3556,58,22.99,Action,Premium,7,Yes,2022
F1250,58,16.45,Drama,Premium,7,Yes,2020
F8943,55,18.19,Action,Standard,5,Yes,2020
F3329,46,18.67,Action,VIP,3,Yes,2023
F6433,55,16.21,Horror,Standard,5,Yes,2022
F5531,33,19.29,Drama,Standard,4,Yes,2022
F4739,18,23.62,Horror,VIP,3,Yes,2022
F1692,18,14.25,Action,Premium,7,Yes,2023
F2620,35,10.52,Action,VIP,3,Yes,2020
F2634,21,15.87,Horror,Standard,4,No,2022
F6495,45,14.39,Horror,VIP,6,Yes,2022
F7819,64,10.1,Drama,Premium,3,No,2021
F2379,35,13.35,Sci-Fi,Standard,6,No,2024
F9930,50,11.81,Horror,Premium,2,No,2021
F4956,50,14.45,Action,Premium,5,Yes,2024
F8049,34,23.09,Action,VIP,4,No,2024
F7519,51,22.65,Action,Premium,2,No,2023
F7636,25,12.15,Action,VIP,6,No,2020
F5924,44,24.6,Drama,VIP,3,No,2024
F8174,61,20.2,Horror,Standard,6,No,2022
F8223,26,13.69,Action,VIP,1,Yes,2023
F4210,60,11.89,Action,Standard,4,No,2020
F9239,62,14.64,Action,VIP,3,Yes,2021
F3604,34,24.23,Sci-Fi,Premium,7,No,2020
F6676,40,15.57,Drama,Standard,3,Yes,2020
F6791,26,11.12,Drama,Premium,7,No,2024
F2332,50,11.46,Action,Premium,7,Yes,2020
F8329,59,24.79,Action,VIP,6,Yes,2024
F7635,49,13.18,Comedy,VIP,7,No,2020
F7015,27,23.62,Drama,Premium,6,Yes,2024
F5879,29,18.45,Comedy,VIP,6,No,2020
F9373,57,13.6,Sci-Fi,Premium,3,Yes,2024
F8043,59,12.54,Comedy,Premium,2,Yes,2022
F3894,62,10.71,Horror,Premium,6,No,2020
F4695,56,22.8,Sci-Fi,Premium,7,Yes,2023
F9664,22,12.12,Action,VIP,3,No,2021
F5591,29,13.46,Drama,VIP,4,Yes,2022
F6461,21,20.36,Action,Premium,3,No,2024
F7370,59,24.93,Action,VIP,3,Yes,2020
F4626,25,18.43,Horror,VIP,2,Yes,2020
F6681,32,17.81,Sci-Fi,Premium,2,No,2022
F4568,39,15.83,Action,Standard,1,No,2021
F7479,26,21.63,Drama,VIP,5,Yes,2024
F9973,21,11.34,Drama,Premium,7,No,2021
F1193,20,15.43,Horror,VIP,5,No,2020
F9338,22,23.18,Horror,Standard,2,No,2024
F8172,35,18.4,Sci-Fi,Premium,7,Yes,2023
F7632,58,13.24,Horror,Standard,4,Yes,2024
F7121,48,20.75,Sci-Fi,VIP,4,No,2024
F3160,50,22.92,Sci-Fi,VIP,7,Yes,2022
F6532,51,20.39,Drama,VIP,2,No,2020
F2066,49,23.06,Action,VIP,2,Yes,2020
F8497,22,18.68,Horror,Premium,5,Yes,2024
F9239,37,15.85,Action,Standard,1,Yes,2021
F7052,46,18.02,Drama,Standard,1,Yes,2020
F5779,44,23.58,Action,VIP,6,Yes,2021
F4737,25,12.99,Drama,VIP,4,Yes,2020
F1426,40,18.76,Horror,Premium,2,No,2020
F4699,30,10.74,Action,VIP,3,Yes,2022
F9789,56,23.03,Drama,Standard,4,Yes,2020
F5478,57,18.28,Action,VIP,4,Yes,2023
F5469,52,13.15,Horror,Premium,2,Yes,2024
F3786,40,17.58,Sci-Fi,Premium,1,Yes,2024
F6079,46,20.93,Horror,VIP,7,No,2020
F2510,21,21.46,Comedy,Premium,1,No,2020
F9227,58,23.65,Horror,Premium,6,No,2024
F5965,37,20.22,Drama,Premium,2,No,2021
F5500,36,23.41,Horror,Premium,6,Yes,2020
F8857,52,20.91,Sci-Fi,VIP,4,No,2023
F3469,21,14.18,Horror,Premium,2,No,2020
F9892,22,24.88,Action,Premium,4,Yes,2022
F5292,42,20.82,Comedy,VIP,1,Yes,2020
F7910,18,13.8,Horror,VIP,6,Yes,2020
F3800,44,20.73,Drama,VIP,3,Yes,2020
F2345,53,21.52,Horror,VIP,5,No,2024
F9142,27,12.67,Horror,Standard,3,Yes,2024
F5677,28,21.67,Sci-Fi,Premium,7,No,2020
F7661,20,13.92,Sci-Fi,VIP,6,No,2020
F3111,56,22.58,Sci-Fi,VIP,6,Yes,2024
F8576,41,10.06,Horror,Premium,1,Yes,2020
F9394,47,16.09,Action,VIP,3,Yes,2023
F4418,61,19.68,Horror,VIP,3,No,2021
F9925,21,18.05,Sci-Fi,Standard,7,Yes,2023
F5695,49,14.25,Action,Premium,3,No,2023
F4130,35,12.74,Action,Premium,1,Yes,2022
F3922,19,24.26,Action,Premium,6,No,2024
F5628,18,19.76,Horror,VIP,2,Yes,2024
F9739,44,17.08,Action,VIP,3,No,2022
F6628,34,14.67,Horror,Premium,6,No,2024
F1815,43,12.36,Horror,Premium,1,Yes,2024
F1332,33,12.0,Horror,Premium,4,Yes,2023
F7726,22,22.62,Sci-Fi,VIP,6,No,2020
F4576,29,22.21,Comedy,VIP,5,No,2020
F2428,34,14.98,Sci-Fi,Premium,6,No,2020
F2700,20,18.31,Drama,Premium,6,No,2021
F9703,23,18.15,Comedy,Premium,7,Yes,2022
F9704,42,16.51,Drama,Standard,1,Yes,2020
F7037,36,13.25,Horror,VIP,6,No,2023
F1869,50,17.58,Comedy,Premium,5,Yes,2023
F6532,40,15.63,Horror,Standard,3,No,2020
F2890,22,18.9,Comedy,Standard,5,Yes,2021
F8623,42,15.27,Horror,VIP,2,No,2020
F5785,30,20.53,Action,Premium,5,Yes,2020
F5257,25,16.86,Horror,Standard,1,No,2024
F4140,21,22.99,Horror,VIP,5,Yes,2021
F8584,33,19.24,Drama,Premium,2,Yes,2023
F8546,49,13.78,Sci-Fi,Premium,3,No,2021
F4645,43,12.51,Horror,VIP,6,No,2024
F7267,57,14.95,Horror,Premium,1,No,2024
F2279,29,14.0,Horror,Standard,1,Yes,2022
F8412,62,22.05,Horror,Standard,3,Yes,2022
F2596,47,20.78,Horror,Premium,2,No,2020
F1999,54,15.6,Sci-Fi,Standard,4,Yes,2023
F5145,39,17.29,Action,Premium,4,Yes,2022
F9557,63,16.51,Comedy,Standard,3,No,2024
F4352,44,10.45,Comedy,Premium,6,Yes,2023
F4369,20,24.87,Comedy,Premium,7,No,2022
F1290,41,17.74,Action,Standard,3,No,2023
F7423,59,20.53,Action,Premium,5,No,2023
F4678,39,23.77,Sci-Fi,VIP,6,Yes,2020
F9172,49,16.72,Drama,Premium,3,No,2022
F1267,60,11.5,Horror,Premium,2,No,2021
F3418,25,10.18,Drama,VIP,6,Yes,2022
F1782,24,10.31,Drama,Standard,3,No,2024
F6806,34,20.34,Comedy,VIP,5,No,2024
F9166,31,10.87,Drama,Premium,6,Yes,2022
F4313,63,18.76,Comedy,VIP,5,Yes,2023
F3373,35,13.07,Sci-Fi,Standard,6,No,2020
F4059,26,15.34,Drama,Premium,5,No,2024
F3374,32,17.06,Horror,Premium,1,No,2021
F6875,50,13.4,Action,Premium,4,Yes,2022
F5766,64,11.19,Drama,Standard,3,Yes,2023
F3412,36,19.75,Comedy,VIP,7,No,2022
F2274,58,24.25,Drama,VIP,3,No,2021
F4806,36,16.54,Sci-Fi,Premium,3,No,2020
F6751,40,15.11,Comedy,Standard,6,No,2023
F3318,52,21.98,Sci-Fi,Standard,3,Yes,2021
F4008,57,13.68,Horror,Premium,6,No,2021
F6973,58,13.13,Horror,Premium,7,Yes,2020
F6993,53,12.03,Horror,VIP,1,Yes,2022
F8267,25,13.35,Drama,VIP,2,Yes,2020
F4416,24,11.48,Sci-Fi,Standard,4,Yes,2022
F6783,22,11.21,Sci-Fi,VIP,6,No,2023
F5202,22,10.38,Sci-Fi,VIP,4,No,2023
F4681,23,22.88,Horror,VIP,4,No,2022
F9192,21,12.1,Sci-Fi,Standard,6,No,2024
F3929,30,13.03,Horror,VIP,2,No,2024
F6258,20,17.88,Sci-Fi,Premium,6,No,2023
F6441,20,15.23,Action,VIP,3,Yes,2023
F7437,37,12.93,Drama,Standard,3,No,2020
F8226,43,16.41,Action,Premium,2,Yes,2022
F5211,36,14.11,Sci-Fi,VIP,7,Yes,2024
F8653,49,17.24,Action,Premium,7,Yes,2021
F8395,39,19.53,Horror,VIP,1,No,2021
F6979,32,12.55,Horror,Premium,5,No,2023
F1945,34,16.19,Comedy,Premium,4,No,2024
F8598,62,19.39,Sci-Fi,Standard,1,No,2021
F6828,22,24.38,Comedy,Standard,5,Yes,2022
F3388,47,12.02,Sci-Fi,Standard,6,Yes,2020
F1039,44,17.29,Drama,VIP,2,Yes,2022
F8616,61,11.11,Comedy,Standard,3,No,2021
F4557,50,20.57,Comedy,VIP,2,No,2020
F9147,35,22.86,Action,Premium,4,Yes,2021
F4440,31,18.96,Comedy,Standard,5,Yes,2022
F8566,35,16.02,Sci-Fi,VIP,6,No,2020
F7655,32,20.26,Sci-Fi,Premium,6,No,2023
F7863,49,13.14,Comedy,Standard,5,Yes,2023
F5341,24,10.86,Comedy,VIP,3,No,2022
F6525,24,24.57,Action,VIP,7,Yes,2022
F6759,20,10.95,Action,Premium,5,Yes,2023
F3660,35,11.11,Horror,VIP,4,No,2021
F7781,33,14.37,Horror,VIP,5,No,2021
F5831,55,17.06,Horror,Standard,1,Yes,2021
F8650,59,14.13,Comedy,Premium,1,Yes,2024
F1223,28,18.02,Sci-Fi,Standard,5,Yes,2022
F9854,38,11.42,Drama,Standard,2,No,2023
F7126,57,24.02,Sci-Fi,Standard,5,No,2020
F6333,20,22.85,Sci-Fi,VIP,4,No,2021
F2993,36,13.16,Horror,VIP,3,No,2023
F5642,19,18.85,Action,VIP,7,Yes,2021
F1469,28,19.32,Drama,VIP,5,Yes,2024
F3779,30,10.1,Comedy,Standard,6,Yes,2024
F3675,58,17.75,Drama,VIP,4,Yes,2023
F4069,22,18.55,Horror,Standard,3,No,2024
F4030,36,16.46,Action,Standard,2,No,2022
F9578,19,17.62,Drama,Premium,5,Yes,2021
F7691,34,13.73,Horror,Premium,2,No,2024
F9624,56,14.63,Sci-Fi,Premium,5,Yes,2020
F2463,61,23.4,Horror,VIP,4,No,2024
F2326,32,10.33,Horror,VIP,2,Yes,2023
F3394,63,14.15,Horror,Standard,5,Yes,2021
F8667,63,18.81,Sci-Fi,Standard,5,Yes,2021
F7230,42,18.71,Comedy,Standard,3,No,2024
F3262,61,17.47,Action,VIP,1,No,2023
F5813,57,15.27,Horror,Premium,2,No,2023
F8065,34,22.16,Action,VIP,1,Yes,2024
F7761,41,22.63,Comedy,Premium,4,Yes,2024
F9297,42,23.82,Horror,VIP,7,No,2024
F7342,30,15.79,Drama,VIP,5,Yes,2020
F1469,20,14.31,Comedy,VIP,1,No,2022
F6800,24,18.77,Sci-Fi,Standard,3,No,2020
F7420,20,23.16,Action,Premium,2,Yes,2023
F1314,55,11.3,Sci-Fi,VIP,6,No,2020
F1571,25,13.19,Horror,Standard,1,No,2022
F3264,51,16.68,Drama,VIP,6,No,2023
F4316,60,11.13,Action,VIP,3,No,2024
F6283,25,16.47,Action,Standard,4,No,2023
F5248,30,17.89,Sci-Fi,Standard,5,Yes,2021
F6910,32,22.36,Drama,VIP,3,Yes,2023
F8097,45,10.37,Horror,VIP,2,No,2023
F7812,60,21.61,Horror,VIP,1,No,2022
F6861,61,17.89,Drama,Standard,2,No,2024
F4949,60,23.63,Sci-Fi,Standard,3,Yes,2020
F4145,45,14.95,Comedy,VIP,5,Yes,2023
F5926,44,22.59,Drama,Premium,6,Yes,2020
F4465,62,11.7,Action,Premium,3,No,2024
F5789,50,19.37,Action,Premium,6,No,2021
F1863,33,11.18,Drama,Premium,3,No,2022
F8445,52,17.09,Drama,VIP,3,Yes,2023
F3358,48,14.24,Action,VIP,7,No,2024
F3730,34,20.74,Drama,VIP,5,Yes,2021
F7255,54,23.11,Drama,Standard,7,Yes,2020
F4130,34,11.58,Action,VIP,7,Yes,2024
F9217,29,10.1,Drama,VIP,5,No,2024
F5371,59,11.81,Sci-Fi,Standard,1,No,2020
F1628,55,16.34,Action,Premium,7,No,2023
F9968,56,14.71,Action,Standard,3,Yes,2022
F8495,25,19.65,Sci-Fi,VIP,3,No,2024
F6774,48,23.27,Sci-Fi,Standard,3,No,2020
F7832,56,11.64,Drama,Premium,7,No,2024
F2252,43,19.81,Horror,VIP,7,No,2024
F7045,59,14.94,Horror,Premium,2,No,2021
F7710,55,23.57,Sci-Fi,VIP,2,No,2024
F7806,37,23.48,Drama,Premium,5,Yes,2020
F3281,19,20.68,Sci-Fi,VIP,7,Yes,2022
F2706,64,20.59,Comedy,Standard,5,Yes,2020
F6169,51,21.0,Sci-Fi,Standard,5,No,2022
F3149,62,17.33,Horror,VIP,3,Yes,2021
F3989,18,21.22,Comedy,Premium,4,Yes,2021
F1870,44,22.4,Drama,Standard,6,Yes,2020
F5351,44,22.64,Horror,VIP,3,No,2022
F3935,21,12.18,Horror,Premium,2,Yes,2023
